{
  "minecraft:recipes/tools/fishing_rod": {
    "criteria": {
      "has_string": "2023-05-22 22:40:39 +0100"
    },
    "done": true
  },
  "minecraft:recipes/combat/bow": {
    "criteria": {
      "has_string": "2023-05-22 22:40:39 +0100"
    },
    "done": true
  },
  "minecraft:recipes/building_blocks/string_to_wool": {
    "criteria": {
      "has_string": "2023-05-22 22:40:39 +0100"
    },
    "done": true
  },
  "minecraft:recipes/redstone/dispenser": {
    "criteria": {
      "has_bow": "2023-05-22 22:50:42 +0100"
    },
    "done": true
  },
  "refinedstorage:upgrading": {
    "criteria": {
      "upgrade_in_inventory": "2023-05-22 22:44:52 +0100"
    },
    "done": true
  },
  "refinedstorage:drives": {
    "criteria": {
      "disk_drive_in_inventory": "2023-05-22 21:54:56 +0100"
    },
    "done": true
  },
  "refinedstorage:root": {
    "criteria": {
      "controller_in_inventory": "2023-05-22 21:59:44 +0100"
    },
    "done": true
  },
  "minecraft:recipes/building_blocks/stonebrick": {
    "criteria": {
      "has_stone": "2023-05-22 22:30:30 +0100"
    },
    "done": true
  },
  "refinedstorage:storing_fluids": {
    "criteria": {
      "fluid_storage_disk_in_inventory": "2023-05-22 22:54:07 +0100"
    },
    "done": true
  },
  "refinedstorage:no_cables_required": {
    "criteria": {
      "network_transmitter_receiver_card_in_inventory": "2023-05-22 21:58:49 +0100"
    },
    "done": true
  },
  "minecraft:recipes/redstone/tripwire_hook": {
    "criteria": {
      "has_string": "2023-05-22 22:40:39 +0100"
    },
    "done": true
  },
  "minecraft:adventure/adventuring_time": {
    "criteria": {
      "plains": "2023-05-22 21:54:23 +0100",
      "birch_forest_hills": "2023-05-22 21:54:48 +0100",
      "roofed_forest": "2023-05-22 21:54:08 +0100",
      "river": "2023-05-22 22:41:55 +0100",
      "desert": "2023-05-22 21:54:41 +0100"
    },
    "done": false
  },
  "minecraft:recipes/redstone/redstone": {
    "criteria": {
      "has_redstone_block": "2023-05-22 22:28:36 +0100"
    },
    "done": true
  },
  "minecraft:recipes/misc/bone_meal_from_bone": {
    "criteria": {
      "has_bone": "2023-05-22 22:40:39 +0100"
    },
    "done": true
  },
  "minecraft:recipes/decorations/chest": {
    "criteria": {
      "has_lots_of_items": "2023-05-22 21:58:20 +0100"
    },
    "done": true
  },
  "refinedstorage:connecting": {
    "criteria": {
      "cable_in_inventory": "2023-05-22 21:56:49 +0100"
    },
    "done": true
  },
  "minecraft:recipes/redstone/stone_button": {
    "criteria": {
      "has_stone": "2023-05-22 22:30:30 +0100"
    },
    "done": true
  },
  "minecraft:recipes/brewing/fermented_spider_eye": {
    "criteria": {
      "has_spider_eye": "2023-05-22 22:40:39 +0100"
    },
    "done": true
  },
  "refinedstorage:importing": {
    "criteria": {
      "importer_in_inventory": "2023-05-22 22:44:44 +0100"
    },
    "done": true
  },
  "refinedstorage:upgrading_your_grid": {
    "criteria": {
      "crafting_grid_in_inventory": "2023-05-22 21:58:20 +0100"
    },
    "done": true
  },
  "minecraft:recipes/building_blocks/stone_slab": {
    "criteria": {
      "has_stone": "2023-05-22 22:30:30 +0100"
    },
    "done": true
  },
  "minecraft:recipes/redstone/stone_pressure_plate": {
    "criteria": {
      "has_stone": "2023-05-22 22:30:30 +0100"
    },
    "done": true
  },
  "minecraft:adventure/root": {
    "criteria": {
      "killed_by_something": "2023-05-22 22:41:30 +0100"
    },
    "done": true
  },
  "refinedstorage:viewing_fluids": {
    "criteria": {
      "fluid_grid_in_inventory": "2023-05-22 22:55:59 +0100"
    },
    "done": true
  },
  "refinedstorage:storing_items": {
    "criteria": {
      "storage_disk_in_inventory": "2023-05-22 22:24:18 +0100"
    },
    "done": true
  },
  "twilightforest:alt/compat/tconstruct": {
    "criteria": {
      "book": "2023-05-22 21:54:08 +0100"
    },
    "done": true
  }
}