{"stat.pickup.tconstruct.book":1,"stat.useItem.minecraft.air":450,"stat.walkOneCm":62787,"stat.pickup.minecraft.bone":47,"stat.useItem.refinedstorage.cable":48,"stat.pickup.darkutils.trap_move_hyper":64,"stat.useItem.minecraft.stone":20,"stat.pickup.minecraft.arrow":18,"stat.useItem.refinedstorage.disk_drive":46,"stat.pickup.betterbuilderswands.wandunbreakable":1,"stat.pickup.mob_grinding_utils.saw":64,"stat.pickup.actuallyadditions.item_solidified_experience":64,"stat.pickup.minecraft.redstone_block":64,"stat.pickup.minecraft.string":36,"stat.pickup.betterbuilderswands.wanddiamond":1,"stat.pickup.refinedstorage.disk_drive":1,"stat.jump":60,"stat.useItem.minecraft.redstone_block":9,"stat.useItem.mob_grinding_utils.saw":9,"stat.pickup.enderstorage.ender_storage":64,"stat.pickup.mob_grinding_utils.saw_upgrade":76,"stat.pickup.minecraft.web":24,"stat.crouchOneCm":3181,"stat.pickup.minecraft.spider_eye":10,"stat.useItem.minecraft.dirt":27,"stat.pickup.minecraft.dirt":64,"stat.useItem.thermalfoundation.upgrade":1,"stat.sprintOneCm":5547,"stat.pickup.refinedstorage.grid":1,"stat.useItem.betterbuilderswands.wandunbreakable":80,"stat.pickup.minecraft.bow":1,"stat.pickup.minecraft.skull":3,"stat.pickup.refinedstorage.network_receiver":1,"stat.useItem.darkutils.trap_move_hyper":91,"stat.pickup.securitycraft.security_camera":4,"stat.pickup.extrautils2.decorativeglass":128,"stat.useItem.refinedstorage.importer":1,"stat.useItem.enderstorage.ender_storage":2,"stat.pickup.mob_grinding_utils.absorption_hopper":64,"stat.useItem.betterbuilderswands.wanddiamond":85,"stat.pickup.refinedstorage.controller":1,"stat.damageTaken":535,"stat.pickup.compactmachines3.psd":1,"stat.useItem.extrautils2.itembuilderswand":25,"stat.pickup.mysticalagriculture.crafting":5,"stat.useItem.securitycraft.security_camera":14,"stat.flyOneCm":88594,"stat.deaths":1,"stat.pickup.conarm.book":1,"stat.useItem.refinedstorage.network_card":3,"stat.playOneMinute":54327,"stat.useItem.extrautils2.decorativeglass":20,"stat.pickup.compactmachines3.machine":1,"stat.pickup.thaumcraft.brain":1,"stat.sneakTime":8296,"stat.pickup.refinedstorage.cable":64,"stat.pickup.refinedstorage.network_transmitter":1,"stat.timeSinceDeath":18243,"stat.pickup.securitycraft.camera_monitor":1,"stat.pickup.bqt.bqt":1,"stat.useItem.securitycraft.camera_monitor":5,"stat.pickup.valkyrielib.guide":1,"stat.useItem.mob_grinding_utils.absorption_hopper":1}